<?xml version="1.0" encoding="UTF-8" standalone="yes"?>
<addon id="repository.cywteow" name="cywteow Add-ons" version="1.3.0" provider-name="cywteow">
		<extension point="xbmc.addon.repository" name="cywteow Add-ons">
			<info compressed="false">https://raw.githubusercontent.com/sibuibear/sibuibear.github.io/main/addons.xml</info>
			<checksum>https://raw.githubusercontent.com/sibuibear/sibuibear.github.io/main/addons.xml.md5</checksum>
			<datadir zip="true">https://raw.githubusercontent.com/sibuibear/sibuibear.github.io/main</datadir>
			<dir>
				<info compressed="false">https://raw.githubusercontent.com/Gujal00/smrzips/master/addons.xml</info>
				<checksum>https://raw.githubusercontent.com/Gujal00/smrzips/master/addons.xml.md5</checksum>
				<datadir zip="true">https://raw.githubusercontent.com/Gujal00/smrzips/master/zips/</datadir>
			</dir>
			<dir>
				<info compressed="false">https://raw.githubusercontent.com/groggyegg/lime/master/addons.xml</info>
				<checksum>https://raw.githubusercontent.com/groggyegg/lime/master/addons.xml.md5</checksum>
				<datadir zip="true">https://raw.githubusercontent.com/groggyegg/lime/master</datadir>
			</dir>
			<dir>
				<info compressed="false">https://aznhusband.github.io/addons.xml</info>
				<checksum>https://aznhusband.github.io/addons.xml.md5</checksum>
				<datadir zip="true">https://aznhusband.github.io/</datadir>
			</dir>
		</extension>
	</addon>