<?xml version="1.0" encoding="UTF-8" standalone="yes"?>
<addon id="repository.cywteow" name="cywteow Add-ons" version="1.1.0" provider-name="cywteow">
    <extension point="xbmc.addon.repository" name="cywteow Add-ons">
        <info compressed="false">https://raw.githubusercontent.com/sibuibear/sibuibear.github.io/main/addons.xml</info>
        <checksum>https://raw.githubusercontent.com/sibuibear/sibuibear.github.io/main/addons.xml.md5</checksum>
        <datadir zip="true">https://raw.githubusercontent.com/sibuibear/sibuibear.github.io/main</datadir>
		<dir>
            <info compressed="false">https://raw.githubusercontent.com/Gujal00/smrzips/master/addons.xml</info>
            <checksum>https://raw.githubusercontent.com/Gujal00/smrzips/master/addons.xml.md5</checksum>
            <datadir zip="true">https://raw.githubusercontent.com/Gujal00/smrzips/master/zips/</datadir>
        </dir>
	</extension>
</addon>